Victor Wooeleven,932,https://api.spotify.com/v1/playlists/6BHoZXdFEiodFqeTvDfvXD/tracks
post melon,1000,https://api.spotify.com/v1/playlists/4sukIU7AG4UzazwcYgUGRv/tracks
roast malone,1003,https://api.spotify.com/v1/playlists/4szQW6wg5q79Ox1duxleg1/tracks
toast malone,1001,https://api.spotify.com/v1/playlists/2ISJ44APeJB8JYDhpH5IvP/tracks
ghost malone,1005,https://api.spotify.com/v1/playlists/6DRY4eXgYV3VidCvfPew9d/tracks
ho-ho-ho malone,999,https://api.spotify.com/v1/playlists/2xrtiBr2hRgxdMcK7JSygI/tracks
post trombone,1001,https://api.spotify.com/v1/playlists/5WmpwuEHmYbcLqAkejKUbg/tracks
sylvester malone,1013,https://api.spotify.com/v1/playlists/0OagzC2t2Wq695Fwtlc60n/tracks
post flinstone,1000,https://api.spotify.com/v1/playlists/0NepRGqEpqvSHPeYf82N02/tracks
poached malone,1003,https://api.spotify.com/v1/playlists/2wV5fEZ5abpY19Qc10payh/tracks
post well-known,1000,https://api.spotify.com/v1/playlists/43zkyKkoWfyrno04vhBRgD/tracks
post shalom,999,https://api.spotify.com/v1/playlists/43CT9fljDTGuAASZiLUWxy/tracks
Victor Gluten,1004,https://api.spotify.com/v1/playlists/4sGpa3LU6jtXnWnrU7q7gT/tracks
Dwayne "The Birkenstock" Johnson,1002,https://api.spotify.com/v1/playlists/3QMLBcSbAwSCuRs9lnYSgA/tracks
postponing malonedrey,998,https://api.spotify.com/v1/playlists/6OOS8MDq9HpWAS1FPzbylS/tracks
shrok,997,https://api.spotify.com/v1/playlists/4NgX9tvsdoGa3MTiyc3sWk/tracks
